"","Tag"
"1","yyuh"
"2","py31"
"3","kvh8"
"4","3v2w"
"5","zn48"
"6","5e01"
"7","1jfa"
"8","98g1"
"9","dwo5"
"10","gudg"
"11","xmm7"
"12","p9it"
"13","okp8"
"14","870w"
"15","ntc3"
"16","sjuo"
"17","1eru"
"18","1n7x"
"19","ys9h"
"20","zkv1"
"21","67fv"
"22","b38e"
"23","lotn"
"24","orsa"
"25","1xsv"
"26","rjtp"
"27","18iz"
"28","sez4"
"29","0s6v"
"30","txv5"
"31","gav7"
"32","xtys"
"33","cv0c"
"34","hqiu"
"35","wsl9"
"36","qzcf"
"37","uuai"
"38","1k3y"
"39","qh9i"
"40","2z6y"
"41","lxqu"
"42","ws7t"
"43","rqor"
"44","730k"
"45","nme5"
"46","5c84"
"47","a59m"
"48","hjhn"
"49","ejqa"
"50","xr74"
"51","bg0n"
"52","urja"
"53","o3u6"
"54","1b9g"
"55","ois4"
"56","e2fs"
"57","ej80"
"58","n0vu"
"59","g7ls"
"60","6uzb"
"61","1xh2"
"62","fxkj"
"63","lsy6"
"64","phq6"
"65","5b5z"
"66","vumu"
"67","31jf"
"68","eb7e"
"69","xhqd"
"70","fpun"
"71","jhce"
"72","gnv9"
"73","fq6b"
"74","nyuv"
"75","24k6"
"76","6i6a"
"77","vrhy"
"78","rj1l"
"79","tgc2"
"80","r8yi"
"81","85q1"
"82","i8r9"
"83","ezdb"
"84","byx8"
"85","46vc"
"86","visk"
"87","q6aw"
"88","fpho"
"89","l3vl"
"90","8yeq"
"91","4tk9"
"92","ml4y"
"93","kale"
"94","0e9o"
"95","pvo1"
"96","e4uo"
"97","cduu"
"98","zt3i"
"99","t3et"
"100","e1x4"
"101","3mnf"
"102","7lzv"
"103","i9j4"
"104","v1g7"
"105","8fc4"
"106","gsq2"
"107","bhk6"
"108","ricv"
"109","dafj"
"110","mml8"
"111","19sl"
"112","6vb0"
"113","kf9h"
"114","i2q7"
"115","bvsg"
"116","zhap"
"117","h3mx"
"118","11en"
"119","sm4r"
"120","50s3"
"121","gtm3"
"122","cj8g"
"123","rsg5"
"124","xwwc"
"125","ptm4"
"126","qygb"
"127","um6l"
"128","luxo"
"129","eza0"
"130","3add"
"131","s2e1"
"132","1mks"
"133","xgnj"
"134","vtj2"
"135","ndaw"
"136","9odd"
"137","72dc"
"138","rpvz"
"139","r695"
"140","3ndx"
"141","al3g"
"142","mmye"
"143","70md"
"144","gtyg"
"145","077j"
"146","xqad"
"147","dg6k"
"148","323u"
"149","j49t"
"150","2u0x"
"151","n033"
"152","7w27"
"153","0m06"
"154","gomy"
"155","qtv5"
"156","pnu7"
"157","sm8y"
"158","3p6a"
"159","5jud"
"160","7kzd"
"161","18tb"
"162","mivh"
"163","acax"
"164","x345"
"165","inbk"
"166","u5c0"
"167","q39m"
"168","9nx8"
"169","w3n0"
"170","g5ft"
"171","zx2p"
"172","bv3p"
"173","2fp0"
"174","3r96"
"175","afup"
"176","0a29"
"177","quet"
"178","t92f"
"179","rwi4"
"180","f9mz"
"181","ljst"
"182","5c3s"
"183","nzc9"
"184","y0xl"
"185","nx4w"
"186","h5ep"
"187","71d3"
"188","dtye"
"189","yl2a"
"190","wlsp"
"191","90p8"
"192","g5qr"
"193","cfxi"
"194","ggz5"
"195","n2vq"
"196","g78n"
"197","lc54"
"198","1ioo"
"199","qf7v"
"200","7t5o"
"201","q8os"
"202","nh8c"
"203","ykt5"
"204","ike6"
"205","lj8k"
"206","0bv6"
"207","f6bi"
"208","f0nv"
"209","srvy"
"210","wnx5"
"211","ifsw"
"212","ine2"
"213","harx"
"214","qad2"
"215","i2hf"
"216","s80e"
"217","2p77"
"218","5oc7"
"219","oekk"
"220","5wgq"
"221","7dat"
"222","z2l0"
"223","zpsg"
"224","1df1"
"225","akdg"
"226","knvm"
"227","buuq"
"228","g7jg"
"229","l536"
"230","svwg"
"231","zmt0"
"232","nkls"
"233","m6h4"
"234","aco8"
"235","dqp5"
"236","ob2f"
"237","eujl"
"238","pc7s"
"239","wt1k"
"240","qh64"
"241","timf"
"242","5qj3"
"243","1fcu"
"244","4ca2"
"245","77sm"
"246","mkqz"
"247","erus"
"248","ccja"
"249","wwxx"
"250","i81l"
"251","ik66"
"252","uec1"
"253","yb23"
"254","npb6"
"255","o0iy"
"256","pzdp"
"257","zsau"
"258","neyt"
"259","srcn"
"260","g0sc"
"261","uemp"
"262","r9ro"
"263","julj"
"264","72bw"
"265","ec42"
"266","i5fb"
"267","7h4g"
"268","1jj7"
"269","q2ja"
"270","811d"
"271","asnl"
"272","1fsu"
"273","jg6o"
"274","60nv"
"275","nofm"
"276","tcka"
"277","8b6x"
"278","sivx"
"279","spix"
"280","0jpl"
"281","sejm"
"282","fsq1"
"283","tx81"
"284","b2yx"
"285","fdlz"
"286","akp5"
"287","bp64"
"288","y70j"
"289","fa3m"
"290","vkla"
"291","qgm9"
"292","ixqa"
"293","mw7e"
"294","69r5"
"295","luye"
"296","4gk4"
"297","aeny"
"298","9yrf"
"299","drjy"
"300","gxs0"
"301","uzsw"
"302","wrd7"
"303","r85z"
"304","vsfz"
"305","fd94"
"306","0c75"
"307","kntu"
"308","7lh4"
"309","raq8"
"310","znwq"
"311","tdrl"
"312","mp50"
"313","7j41"
"314","nrvd"
"315","wlzp"
"316","pnv0"
"317","p54h"
"318","bnqx"
"319","897c"
"320","gp9k"
"321","3ovg"
"322","bnf6"
"323","main"
"324","nwep"
"325","re5b"
"326","h1qr"
"327","02bk"
"328","tpj7"
"329","fz1p"
"330","sd30"
"331","0p92"
"332","iw14"
"333","q8tq"
"334","m3uu"
"335","ozvq"
"336","yy7v"
"337","g88r"
"338","ox0s"
"339","of8o"
"340","1hus"
"341","zygu"
"342","xuxb"
"343","yizc"
"344","1a03"
"345","0avd"
"346","22a0"
"347","fl5z"
"348","8jj9"
"349","ivpq"
"350","hznm"
"351","ev2h"
"352","rdyh"
"353","y4d3"
"354","y4ea"
"355","46yr"
"356","jjtd"
"357","2l34"
"358","fnxy"
"359","w1b9"
"360","16dg"
"361","wyiy"
"362","75bf"
"363","xdge"
"364","wjpt"
"365","c8vg"
"366","eaqi"
"367","lk40"
"368","e7z3"
"369","ez71"
"370","zfcr"
"371","qltn"
"372","s6ta"
"373","g13t"
"374","iomt"
"375","acj9"
"376","p6es"
"377","q4xo"
"378","kh10"
"379","2fv8"
"380","x3py"
"381","f37n"
"382","gau0"
"383","5b4u"
"384","qe3a"
"385","7jnd"
"386","ep98"
"387","v8qs"
"388","4s9g"
"389","881z"
"390","h53e"
"391","gf51"
"392","hz88"
"393","e9qy"
"394","mz7q"
"395","ryde"
"396","9x76"
"397","bhqm"
"398","jco6"
"399","ep3h"
"400","vtac"
"401","yhw6"
"402","9qdq"
"403","hds1"
"404","wsck"
"405","tj7j"
"406","ucig"
"407","x3qb"
"408","3eqh"
"409","9lle"
"410","zqe2"
"411","1roh"
"412","n8rj"
"413","zd7w"
"414","732d"
"415","40kw"
"416","bcdh"
"417","vigv"
"418","fa80"
"419","8rp6"
"420","j7a1"
"421","2bla"
"422","s8un"
"423","boat"
"424","nuzb"
"425","eq6o"
"426","90sa"
"427","0mbt"
"428","rsi1"
"429","sm6y"
"430","af98"
"431","tzbd"
"432","dz4y"
"433","im2g"
"434","e83g"
"435","v9z5"
"436","msna"
"437","572t"
"438","r9b4"
"439","dz4x"
"440","4io2"
"441","2p2j"
"442","gssw"
"443","dah4"
"444","55c0"
"445","pt6k"
"446","qrzs"
"447","bjc2"
"448","h0nr"
"449","6nkn"
"450","azs5"
"451","n5df"
"452","o1di"
"453","7715"
"454","u0hi"
"455","8ydd"
"456","fxmy"
"457","gh74"
"458","9dhx"
"459","7930"
"460","1b72"
"461","0pbb"
"462","7qcj"
"463","qqdd"
"464","78jv"
"465","r4pl"
"466","3oyb"
"467","8wis"
"468","cwg4"
"469","x6gb"
"470","xe0q"
"471","no1z"
"472","wxbm"
"473","9ih3"
"474","gcc8"
"475","y9o9"
"476","1k66"
"477","9lqa"
"478","ysj5"
"479","ry4r"
"480","y1ba"
"481","fri6"
"482","95qm"
"483","5sr4"
"484","dal5"
"485","979n"
"486","7n47"
"487","kram"
"488","g74n"
"489","bayc"
"490","zpfv"
"491","hp2w"
"492","q1ab"
"493","j0li"
"494","jvib"
"495","pidw"
"496","xhil"
"497","gts3"
"498","ts2x"
"499","0utt"
"500","9r7y"
"501","fr1g"
"502","9x3a"
"503","g37e"
"504","nuda"
"505","hih7"
"506","7yxg"
"507","xzht"
"508","xd39"
"509","aqof"
"510","vdmk"
"511","k6vq"
"512","wji9"
"513","umhy"
"514","fzi2"
"515","qqum"
"516","gxu1"
"517","q4ls"
"518","ji83"
"519","otku"
"520","fan9"
"521","kolg"
"522","9yqf"
"523","5xlb"
"524","jw53"
"525","scxo"
"526","6gtx"
"527","lahe"
"528","jc6r"
"529","q8y3"
"530","nhtg"
"531","k67r"
"532","1jiy"
"533","110j"
"534","65x0"
"535","bapv"
"536","mgf8"
"537","364r"
"538","g8w7"
"539","6wlc"
"540","qzqv"
"541","vzd1"
"542","6rtf"
"543","5iue"
"544","6pmp"
"545","kyg7"
"546","ev81"
"547","spk2"
"548","t2gx"
"549","7wap"
"550","fs9q"
"551","krwx"
"552","c7ho"
"553","lth0"
"554","fhxw"
"555","5mpx"
"556","ijjs"
"557","845c"
"558","ioxo"
"559","lwmo"
"560","vww1"
"561","gvn8"
"562","mcfp"
"563","282b"
"564","q6r1"
"565","w84m"
"566","i67t"
"567","iyq4"
"568","mnok"
"569","0nh2"
"570","6oix"
"571","wu9s"
"572","9yjs"
"573","5seh"
"574","0yy2"
"575","0eb7"
"576","u51x"
"577","02n9"
"578","lqfl"
"579","mefl"
"580","ixy3"
"581","37zp"
"582","sx19"
"583","c4q0"
"584","mo0a"
"585","kp1x"
"586","86k7"
"587","076i"
"588","s8xf"
"589","y3wf"
"590","2s56"
"591","t7ln"
"592","uym9"
"593","kxdh"
"594","menj"
"595","j8vm"
"596","y4m0"
"597","k8ov"
"598","wvwd"
"599","ebos"
"600","xft3"
"601","239u"
"602","yqsj"
"603","m3rk"
"604","yz8f"
"605","lx75"
"606","5nay"
"607","0u7r"
"608","bfil"
"609","rbwq"
"610","a23p"
"611","zelu"
"612","7idv"
"613","piup"
"614","1408"
"615","11mt"
"616","pc2s"
"617","aqfs"
"618","rnsk"
"619","t8wn"
"620","x6no"
"621","jopq"
"622","0ojl"
"623","omxk"
"624","9wpd"
"625","d4zk"
"626","tzma"
"627","6zwi"
"628","cicc"
"629","y64r"
"630","6pky"
"631","f1wt"
"632","u86d"
"633","y7zg"
"634","pjqk"
"635","2mkw"
"636","vkal"
"637","9rcm"
"638","vh0x"
"639","ldiv"
"640","2awm"
"641","xmwp"
"642","3fmn"
"643","ej51"
"644","xd4a"
"645","myv5"
"646","mfq9"
"647","dwsq"
"648","659g"
"649","r177"
"650","vg9i"
"651","6kje"
"652","uwwa"
"653","8aiw"
"654","zn3m"
"655","w6bx"
"656","sd35"
"657","6g7o"
"658","fdhx"
"659","ao9k"
"660","g0va"
"661","pwxr"
"662","mfug"
"663","xyv0"
"664","isqu"
"665","5z3g"
"666","ei6i"
"667","efd4"
"668","41oy"
"669","3e5e"
"670","2llh"
"671","qeie"
"672","7o1f"
"673","zf0f"
"674","1npo"
"675","3bmi"
"676","hy08"
"677","h7xu"
"678","j4c6"
"679","a8cl"
"680","qwqm"
"681","v0j3"
"682","ewu7"
"683","wu7l"
"684","xon7"
"685","fbnk"
"686","rf8u"
"687","8sul"
"688","58kr"
"689","p4hs"
"690","evq1"
"691","e54a"
"692","2mix"
"693","61u9"
"694","uqng"
"695","17we"
"696","9h4z"
"697","krfe"
"698","66nm"
"699","ilkh"
"700","fdef"
"701","970q"
"702","nvgr"
"703","ssga"
"704","fwwv"
"705","6ao4"
"706","6idi"
"707","q881"
"708","17jm"
"709","dgh9"
"710","z8xw"
"711","wp1d"
"712","3k1o"
"713","2eo7"
"714","i9t7"
"715","c36h"
"716","t8xv"
"717","f4ea"
"718","bl5y"
"719","6xau"
"720","3msp"
"721","6ueu"
"722","bx5m"
"723","5478"
"724","gfxv"
"725","4rfa"
"726","9e5u"
"727","y4nf"
"728","1szj"
"729","9l84"
"730","m4vr"
"731","ra0q"
"732","273i"
"733","nirk"
"734","tdik"
"735","n6r9"
"736","vzph"
"737","n12n"
"738","uxtn"
"739","662a"
"740","jszp"
"741","q7iy"
"742","n0ht"
"743","xkxq"
"744","y50x"
"745","k0xv"
"746","81k7"
"747","yj6h"
"748","tqlm"
"749","g9bl"
"750","0eyf"
"751","smx5"
"752","60r3"
"753","oqf7"
"754","bo00"
"755","x15b"
"756","ea9b"
"757","umt5"
"758","0vww"
"759","tlz2"
"760","p3z6"
"761","ppqt"
"762","cmd1"
"763","yldm"
"764","3max"
"765","xmq1"
"766","oxzf"
"767","zuxi"
"768","j252"
"769","rya3"
"770","z0x2"
"771","g3jm"
"772","j3uc"
"773","5feb"
"774","ray9"
"775","ed8p"
"776","1wnt"
"777","8flo"
"778","g9e0"
"779","sm13"
"780","s55d"
"781","bdd5"
"782","3m28"
"783","kunh"
"784","v8oy"
"785","6ybc"
"786","j7t6"
"787","th2r"
"788","4ui3"
"789","dt63"
"790","yhuu"
"791","wmy9"
"792","2ukx"
"793","lw2z"
"794","unli"
"795","ywnx"
"796","3lup"
"797","ktm7"
"798","dear"
"799","6yqr"
"800","zq9g"
"801","eu7p"
"802","fay7"
"803","05sw"
"804","7hxu"
"805","6w1c"
"806","63vx"
"807","0522"
"808","fz49"
"809","acpr"
"810","a3g7"
"811","8dce"
"812","4l2g"
"813","oi6m"
"814","21dz"
"815","j5ni"
"816","w078"
"817","vh2x"
"818","m4nj"
"819","7dcb"
"820","56ul"
"821","d85k"
"822","evez"
"823","gugq"
"824","qjnv"
"825","q3kw"
"826","ojqi"
"827","oh50"
"828","h0a0"
"829","xdn3"
"830","0fgz"
"831","71ip"
"832","hhk5"
"833","hmlq"
"834","c8qf"
"835","9qa1"
"836","5gd2"
"837","p3xl"
"838","f3ex"
"839","bcit"
"840","fw4o"
"841","mlu9"
"842","mxdc"
"843","cmsu"
"844","76zd"
"845","4xjq"
"846","7s8k"
"847","t7pp"
"848","71c0"
"849","kxdr"
"850","u5hh"
"851","vvor"
"852","sx3a"
"853","ijqt"
"854","3h2c"
"855","7pxv"
"856","lw0g"
"857","kshu"
"858","skhy"
"859","daak"
"860","wy3f"
"861","adq6"
"862","oacc"
"863","uxz2"
"864","oghy"
"865","jy6f"
"866","fa03"
"867","1g3d"
"868","9pdx"
"869","41ya"
"870","jg7g"
"871","0rs8"
"872","5rrk"
"873","hk85"
"874","gsgr"
"875","4n7s"
"876","cyx8"
"877","qquf"
"878","74yd"
"879","x4fn"
"880","4pss"
"881","e14o"
"882","4pwd"
"883","0p5d"
"884","opvy"
"885","5zew"
"886","rd20"
"887","lrtg"
"888","rp0a"
"889","mffy"
"890","7o1p"
"891","5b37"
"892","7q1g"
"893","vj28"
"894","am3v"
"895","gtrw"
"896","4bpy"
"897","usue"
"898","adz1"
"899","idqy"
"900","kmg9"
"901","t2ch"
"902","bkvu"
"903","db3g"
"904","6di1"
"905","wafv"
"906","67a6"
"907","35lr"
"908","kkkq"
"909","7tty"
"910","feu2"
"911","gi3z"
"912","v1gc"
"913","sn65"
"914","hcfu"
"915","ucur"
"916","9rk6"
"917","7nr2"
"918","1hnj"
"919","9pyr"
"920","yg2x"
"921","3jwj"
"922","e5i3"
"923","kx5q"
"924","otaw"
"925","k83h"
"926","a8uc"
"927","i23e"
"928","c0uh"
"929","bocb"
"930","b326"
"931","fo3p"
"932","68w4"
"933","danz"
"934","qgb5"
"935","f515"
"936","0ru2"
"937","srgs"
"938","78ei"
"939","voa1"
"940","zuul"
"941","9haw"
"942","ppk5"
"943","za66"
"944","jrmq"
"945","7h9d"
"946","7l2l"
"947","90s7"
"948","ggko"
"949","azz1"
"950","fn9s"
"951","9vdk"
"952","b867"
"953","f5c3"
"954","gqf7"
"955","yoh0"
"956","lenr"
"957","orjl"
"958","0hx5"
"959","qs33"
"960","9mzn"
"961","fc1k"
"962","iwd9"
"963","5rez"
"964","oq70"
"965","cwcd"
"966","0s4m"
"967","8vbh"
"968","a4oj"
"969","g0zj"
"970","dzhu"
"971","h6xc"
"972","slra"
"973","i62m"
"974","h4g3"
"975","30x3"
"976","k4f4"
"977","n2eo"
"978","1nzd"
"979","o6b7"
"980","vuzg"
"981","yc8a"
"982","ezol"
"983","ii58"
"984","8evj"
"985","yyi7"
"986","bwpr"
"987","kba3"
"988","dytz"
"989","gdt2"
"990","9fti"
"991","031t"
"992","5h75"
"993","cf9m"
"994","zyh5"
"995","b70v"
"996","aals"
"997","0s44"
"998","2mly"
"999","308c"
"1000","hptf"
